{
    "kind": "rgb_camera",
    "size": {
        "width_pix": 480,
        "height_pix": 240
    },
    "focal_length": {
        "fx_pix": 9.895267e+02,
        "fy_pix": 9.878386e+02
    },
    "optical_center": {
        "cx_pix": 0.0,
        "cy_pix": 0.0
    },
    "field_of_view": {
        "fovx_deg": 90
    },
    "sensor_position": {
        "x_m": 0.0,
        "y_m": 0.0,
        "z_m": 0.0
    },
    "projection_matrix": [
        [
            7.215377e+02,
            0.000000e+00,
            6.095593e+02,
            4.485728e+01
        ],
        [
            0.000000e+00,
            7.215377e+02,
            1.728540e+02,
            2.163791e-01
        ],
        [
            0.000000e+00,
            0.000000e+00,
            1.000000e+00,
            2.745884e-03
        ]
    ]
}